<?xml version="1.0" encoding="UTF-8"?>
<beans xmlns="http://www.springframework.org/schema/beans" 
	   xmlns:xsi="http://www.w3.org/2001/XMLSchema-instance"
       xsi:schemaLocation="
http://www.springframework.org/schema/beans 
http://www.springframework.org/schema/beans/spring-beans-@jspapi.version@.xsd">

    <bean class = "org.impalaframework.spring.service.exporter.ModuleContributionPostProcessor"/>
    
	<bean class="org.impalaframework.spring.module.ModuleArrayContributionExporter">
		<property name="contributions" value="dataSource,sessionFactory"/>
	</bean>
	
	<bean id="propertyConfigurer" class="org.springframework.beans.factory.config.PropertyPlaceholderConfigurer">
		<property name="locations">
			<list>
				<value>jdbc.properties</value>
			</list>
		</property>
	</bean>

	<bean id="dataSource" class="org.springframework.jdbc.datasource.DriverManagerDataSource">
		<property name="driverClassName" value="${jdbc.driverClassName}" />
		<property name="url" value="${jdbc.url}" />
		<property name="username" value="${jdbc.username}" />
		<property name="password" value="${jdbc.password}" />
	</bean>
	
	<bean id="sessionFactory" class="org.springframework.orm.hibernate3.LocalSessionFactoryBean">
		<property name="dataSource" ref="dataSource" />
<property name="mappingResources">
	<list>
		<!-- 
		Uncomment this after creating the corresponding domain class
		<value>domain/ApplicationProperty.hbm.xml</value>
		-->
	</list>
</property>
		<property name="hibernateProperties">
			<props>
				<prop key="hibernate.dialect">${hibernate.dialectName}</prop>
				<prop key="hibernate.hbm2ddl.auto">create</prop>
				<prop key="hibernate.show_sql">true</prop>
			</props>
		</property>
	</bean>
	
	<bean id="transactionManager"
		class="org.springframework.orm.hibernate3.HibernateTransactionManager">
		<property name="sessionFactory" ref="sessionFactory"/>
	</bean>

</beans>
