<?xml version="1.0"?>
<project name="Impala Dependency Build" basedir=".">
	
	<fail unless = "impala.home" message = "'impala.home' property not set"/>
	<import file = "${impala.home}/properties-build.xml"/>

	<target name = "repository:add-impala">
		<mkdir dir="${repository.dir}/main"/>
		<copy todir="${repository.dir}/main" flatten="true">
			<fileset dir="${impala.home}/lib" 
				includes=
				"**/*.jar"/>
		</copy>
	</target>
	
	<target name = "repository:fetch-impala-from-repository" if = "external.repository.dir">
		<property name = "external.repository.location" location="${external.repository.dir}"/>
		<echo>External repository directory: ${external.repository.location}</echo>
		<!-- failonerror is false as impala-repository may not be present-->
		<copy todir="${main.lib.dir}" flatten="true" overwrite="true" failonerror="false">
			<fileset dir = "${external.repository.dir}" includes = "dist/*.jar" excludes = "**/*sample*"/>
		</copy>
	</target>
	
	<target name = "repository:fetch-impala-from-lib">
		<copy todir="${main.lib.dir}" flatten="true" overwrite="true">
			<fileset dir = "${impala.home}/lib" includes = "**/*.jar" excludes = "**/*sample*"/>
		</copy>
	</target>
	
	<target name = "repository:fetch-impala" depends = "repository:fetch-impala-from-lib, repository:fetch-impala-from-repository"/>
	
</project>