<?xml version="1.0" encoding="UTF-8"?>
<web-app xmlns="http://java.sun.com/xml/ns/javaee"
          xmlns:xsi="http://www.w3.org/2001/XMLSchema-instance"
          xsi:schemaLocation="http://java.sun.com/xml/ns/javaee/web-app_2_5.xsd"
          version="2.5">
    
    <display-name>Enter display name here</display-name>

    <description>Enter description here</description>
    
    <context-param>
        <param-name>contextLoaderClassName</param-name>
        <param-value>org.impalaframework.web.spring.loader.ExternalModuleContextLoader</param-value>
    </context-param>

    <listener>
        <listener-class>org.impalaframework.web.spring.loader.ImpalaContextLoaderListener</listener-class>
    </listener>
    
    <servlet>
        <servlet-name>@full.web.project.name@</servlet-name>
        <servlet-class>org.impalaframework.web.spring.servlet.ExternalModuleServlet</servlet-class>
        <load-on-startup>1</load-on-startup>
    </servlet>

    <servlet-mapping>
        <servlet-name>@full.web.project.name@</servlet-name>
        <url-pattern>*.htm</url-pattern>
    </servlet-mapping>

    <session-config>
        <session-timeout>10</session-timeout>
    </session-config>

    <welcome-file-list>
        <welcome-file>index.jsp</welcome-file>
    </welcome-file-list>
    
</web-app>
