<?xml version="1.0"?>
<project name="Impala Execution Build">

    <property name = "workspace.root" location = ".."/>
    <property name = "impala.home" location = "${workspace.root}/impala"/>
    
    <echo level="debug">Using impala home: ${impala.home}</echo>
    
    <import file = "${impala.home}/properties-build.xml"/>
    <import file = "${impala.home}/classpath-build.xml"/>
    
    <target name="execution:set-location"
        unless = "impala.execution.file.path">
        <property name = "impala.execution.file.path" location = "${impala.home}/execution-interactive.properties"/>
        <echo>Setting 'impala.execution.file.path' to ${impala.execution.file.path}</echo>
    </target>   
    
    <target name="execution:run"
        depends = "execution:set-location">

        <java classname="org.impalaframework.interactive.InteractiveTestRunner" classpathref="interactive.classpath" fork="true" >
            <jvmarg value="${run.jvm.args}"/>
            <jvmarg value="-Dimpala.execution.file.path=${impala.execution.file.path}"/>
            <jvmarg value="-Dtests.directory=${test.bin.dir}"/>
        </java>
    </target>
	
    <target name="execution:jetty-bootstrap-location" unless = "jetty.bootstrap.location">
    	<property name = "jetty.bootstrap.location" value="classpath:impala-embedded.properties"/>
    </target>

    <target name="execution:jetty" depends = "execution:jetty-bootstrap-location">
        <fail unless = "webapp.port" message = "Property 'webapp.port' has not been specified"/>
        <fail unless = "context.dir" message = "Property 'context.dir' has not been specified"/>
        <fail unless = "context.path" message = "Property 'context.path' has not been specified"/>
        
        <!-- TODO move this to classpath build -->
        <path id = "jetty.classpath">
            <path refid="full.classpath"/>
            <path location = "${workspace.root}/${webapp.project.name}/resources"/>
        </path>         

        <java classname="org.impalaframework.web.StartJetty" classpathref="jetty.classpath" fork="true" >
            <jvmarg line="${run.jvm.args}"/>
            <jvmarg value="-DbootstrapLocationsResource=${jetty.bootstrap.location}"/>
            <arg value="${webapp.port}"/>
            <arg value="${context.dir}"/>
            <arg value="${context.path}"/>
        </java>
    </target>   
    
</project>
