<?xml version="1.0"?>
<project name="Impala SVN build">

	<fail unless = "impala.home" message = "'impala.home' property not set"/>
	<property file="${impala.home}/svn-build.properties"/>
	<property file="${impala.home}/svn/svnant.jar"/>

	<path id = "svn.classpath">		
		<fileset dir = "${impala.home}/svn" includes="**/*.jar"/>
		<fileset dir = "${impala.home}/lib" includes="impala-build*.jar" excludes = "*-sources.jar"/>
		<!-- temporary fix for ticket 74 -->
		<fileset dir = "${impala.home}/../deploy" includes="impala-build*.jar" excludes = "*-sources.jar"/>
	</path>

	<taskdef resource="svntask.properties" classpathref="svn.classpath"/>
	<taskdef resource="org/impalaframework/build/ant/taskdef.properties"
		classpathref = "svn.classpath"
		onerror = "report"/>
	
	<target name = "svn:username">
		<input message="SVN user name:" addproperty="svn.username" />
	</target>
	
	<target name = "svn:password">
		<input message="SVN password:" addproperty="svn.password" />
	</target>
	
	<target name = "svn:revision" unless = "svn.revision">
		<svnrevision url="${svn.revision.url}" latestRevisionProperty = "svn.revision"/>
		<echo>SVN revision: ${svn.revision}</echo>
	</target>	
	
	<target name = "svn:branch" depends = "svn:username,svn:password">
		<fail unless = "branch.name"/>
		<svn username = "${svn.username}" password = "${svn.password}" javahl = "false">
			<copy srcUrl = "${svn.base.url}/trunk" destUrl = "${svn.base.url}/branches/${branch.name}" message = "Branching to ${branch.name}"/>
		</svn>
	</target>
	
	<target name = "svn:tag" depends = "svn:username,svn:password">
		<fail unless = "tag.name"/>
		<svn username = "${svn.username}" password = "${svn.password}" javahl = "false">
			<copy srcUrl = "${svn.base.url}/trunk" destUrl = "${svn.base.url}/tags/${tag.name}" message = "Tagging to ${tag.name}"/>
		</svn>
	</target>
	
	<!-- this target is just present for testing -->
	<target name = "svn:cat" depends = "svn:username,svn:password">
		<svn username = "${svn.username}" password = "${svn.password}" javahl = "false">
			<cat url = "${svn.base.url}/trunk/impala/impala/svn-build.xml" destFile = "output.txt"/>
		</svn>
	</target>
	
</project>