<?xml version="1.0" encoding="UTF-8"?>
<beans xmlns="http://www.springframework.org/schema/beans" 
       xmlns:xsi="http://www.w3.org/2001/XMLSchema-instance"
       xmlns:service="http://www.impalaframework.org/schema/service"
       xsi:schemaLocation="
http://www.springframework.org/schema/beans http://www.springframework.org/schema/beans/spring-beans.xsd
http://www.impalaframework.org/schema/service http://impala.googlecode.com/svn/schema/service-registry.xsd">

    <!-- Export beans by name as a comma-separated list -->
    <service:export-array beanNames="dataSource,sessionFactory,transactionManager"/>
    
    <!-- Or alternatively add an entry for each bean you want to export 
    <service:export beanName="messageService"/>    
    -->
    
    <bean class = "org.impalaframework.spring.service.exporter.NamedServiceAutoExportPostProcessor"/>
    
    <bean id="propertyConfigurer" class="org.springframework.beans.factory.config.PropertyPlaceholderConfigurer">
        <property name="locations">
            <list>
                <value>jdbc.properties</value>
            </list>
        </property>
    </bean>

    <bean id="dataSource" class="org.springframework.jdbc.datasource.DriverManagerDataSource">
        <property name="driverClassName" value="${jdbc.driverClassName}" />
        <property name="url" value="${jdbc.url}" />
        <property name="username" value="${jdbc.username}" />
        <property name="password" value="${jdbc.password}" />
    </bean>
    
    <bean id="sessionFactory" class="org.springframework.orm.hibernate3.LocalSessionFactoryBean">
        <property name="dataSource" ref="dataSource" />
        <property name="mappingResources">
            <list>
                <!-- 
                Uncomment this after creating the corresponding domain class
                <value>@project.package.name@.@module.project.name@/ApplicationProperty.hbm.xml</value>
                -->
            </list>
        </property>
        <property name="hibernateProperties">
            <props>
                <prop key="hibernate.dialect">${hibernate.dialectName}</prop>
                <prop key="hibernate.hbm2ddl.auto">create</prop>
                <prop key="hibernate.show_sql">true</prop>
            </props>
        </property>
    </bean>
    
    <bean id="transactionManager"
        class="org.springframework.orm.hibernate3.HibernateTransactionManager">
        <property name="sessionFactory" ref="sessionFactory"/>
    </bean>

</beans>
