<?xml version="1.0"?>
<project name="OSGi build">
	
	<fail unless = "impala.home" message = "'impala.home' property not set"/>
	<import file = "${impala.home}/properties-build.xml"/>
	
	<path id = "bnd.classpath">		
		<fileset dir = "${impala.home}/osgi" includes="bnd*.jar"/>
	</path>	
	
	<target name="osgi:copy">		
		<property name="bnd.property.dir" location="${deploy.dir}/bnd"/>
		<mkdir dir="${bnd.property.dir}"/>
		<copy tofile="${bnd.property.dir}/${project.name}-${project.version}.bnd" file="${project.dir}/osgi.properties" failonerror="false"/>
	</target>
	
	<target name="osgi:wrap"
		depends="osgi:copy">
		<taskdef resource="aQute/bnd/ant/taskdef.properties"
	        classpathref="bnd.classpath"/>
		<bndwrap definitions="${bnd.property.dir}" 
			output="${deploy.dir}/${project.name}-${project.version}.tmp">
		   <fileset dir="${deploy.dir}" includes="${project.name}-${project.version}.jar"/>  
		</bndwrap>
		<copy file="${deploy.dir}/${project.name}-${project.version}.tmp" tofile="${deploy.dir}/${project.name}-${project.version}.jar" overwrite="true"/>
		<echo>BND output file: ${deploy.dir}/${project.name}-${project.version}.jar</echo>
	</target>
	
</project>