<?xml version="1.0"?>
<project name="Impala SVN build">

	<fail unless = "impala.home" message = "'impala.home' property not set"/>
	<property file="${impala.home}/svn-build.properties"/>

	<path id = "svn.classpath">		
		<fileset dir = "${impala.home}/svn" includes="**/*.jar"/>
	</path>

	<taskdef resource="svntask.properties" classpathref="svn.classpath"/>
	
	<target name = "svn:username">
		<input message="SVN user name:" addproperty="svn.username" />
	</target>
	
	<target name = "svn:password">
		<input message="SVN password:" addproperty="svn.password" />
	</target>
	
	<target name = "svn:branch" depends = "svn:username,svn:password">
		<fail unless = "branch.name"/>
		<svn username = "${svn.username}" password = "${svn.password}" javahl = "false">
			<copy srcUrl = "${svn.base.url}/trunk" destUrl = "${svn.base.url}/branches/${branch.name}"/>
		</svn>
	</target>
	
	<target name = "svn:tag" depends = "svn:username,svn:password">
		<fail unless = "tag.name"/>
		<svn username = "${svn.username}" password = "${svn.password}" javahl = "false">
			<copy srcUrl = "${svn.base.url}/trunk" destUrl = "${svn.base.url}/tags/${tag.name}"/>
		</svn>
	</target>
	
	<!-- this target is just present for testing -->
	<target name = "svn:cat" depends = "svn:username,svn:password">
		<svn username = "${svn.username}" password = "${svn.password}" javahl = "false">
			<cat url = "${svn.base.url}/trunk/impala/impala/svn-build.xml" destFile = "output.txt"/>
		</svn>
	</target>
	
</project>