<?xml version="1.0" encoding="UTF-8"?>
<beans xmlns="http://www.springframework.org/schema/beans" 
       xmlns:xsi="http://www.w3.org/2001/XMLSchema-instance"      
       xmlns:service="http://www.impalaframework.org/schema/service"     
       xmlns:tx="http://www.springframework.org/schema/tx"
       xsi:schemaLocation="
http://www.springframework.org/schema/beans http://www.springframework.org/schema/beans/spring-beans.xsd
http://www.springframework.org/schema/tx http://www.springframework.org/schema/tx/spring-tx.xsd
http://www.impalaframework.org/schema/service http://impala.googlecode.com/svn/schema/service-registry.xsd">

    <!-- We can omit this entry if it already defined in the root module's application context -->
    <service:import id="messageService" proxyTypes="com.application.main.MessageService"/>

    <bean name="/message.htm" class="@project.package.name@.@web.project.name@.MessageController">
        <property name = "messageService" ref = "messageService"/>
    </bean> 
    <bean id="handlerMapping" class="org.springframework.web.servlet.handler.BeanNameUrlHandlerMapping"/>
    <bean id="jspViewResolver" class="org.springframework.web.servlet.view.InternalResourceViewResolver">
          <property name="suffix" value=".jsp"/>
    </bean>
</beans>
