<?xml version="1.0"?>
<project name="Impala Classpath Build">
	
	<description>Contains tasks for setting up classpaths</description>
	
	<path id = "compile.classpath">		
		<fileset dir = "${repository.dir}" includes="**/*.jar" excludes = "**/*-sources.jar"/>
		<fileset dir = "${impala.home}/lib" includes="*.jar" excludes = "**/*-sources.jar"/>
	</path>	
	
	<path id = "full.classpath">
		<path refid="compile.classpath"/>
	</path>
	
	<path id = "test.classpath">
		<path refid="full.classpath"/>
		<fileset dir = "${deploy.dir}" includes="*.jar"/>
	</path>	
	
	<path id = "interactive.classpath">
		<path location = "${bin.dir}"/>
		<path location = "${test.bin.dir}"/>
		<fileset dir = "${repository.dir}" includes="**/*.jar" excludes="**/dist/*.jar,**/*-sources.jar"/>
	</path>	
	
	<path id = "run.classpath">
		<path location = "${bin.dir}"/>
		<fileset dir = "${repository.dir}" includes="**/*.jar" excludes="**/*-sources.jar"/>
	</path>

</project>